treatment_group,variable,mean,sd,n
Control,age,43.90291262135922,16.162480494874295,103
Intervention,age,46.35532994923858,17.34745863048811,197
Control,blood_pressure,134.29511695944726,13.229097589851099,103
Intervention,blood_pressure,136.60842190245538,11.438491352764853,197
Control,cholesterol,195.91952941023192,29.83824860021829,103
Intervention,cholesterol,194.41808566112883,26.71351153856685,197
Control,readmission_risk,0.3172959593667992,0.09345794986359247,103
Intervention,readmission_risk,0.30909603585518886,0.0911745629070506,197
