term,estimate,std.error,statistic,p.value,p_value,significance
(Intercept),123.44970305536539,2.0375256545755955,60.58804843911486,3.161186639912681e-169,0,**
age,0.2470317629633876,0.03879202236759456,6.368107355231598,7.259202540743999e-10,0,**
treatment_groupIntervention,1.7074799669801242,1.383530604279395,1.2341468715608621,0.21812383102448765,0.2181,
