term,estimate,std.error,statistic,p.value,odds_ratio,p_value,significance
(Intercept),-2.4204156667786387,1.4132358023996276,-1.712676442720212,0.08677208132370821,0.089,0.0868,*
age,-0.006861784439066076,0.007789515710904692,-0.8809000063328882,0.3783719440628613,0.993,0.3784,
blood_pressure,0.014947468675359014,0.010957857709649499,1.3640867650796615,0.1725402596901373,1.015,0.1725,
treatment_groupIntervention,-0.016454432113944248,0.260721461749618,-0.06311115319591964,0.9496779930394973,0.984,0.9497,
